{
  "testId": "T01",
  "label": "Run-002 基准",
  "status": "success",
  "queryResults": [
    {
      "queryId": "Q1",
      "query": "这个产品的目标用户是谁，解决什么问题？",
      "status": "success",
      "metrics": {
        "hitRate": 0.3333333333333333,
        "citationCoverage": 1,
        "confidenceScore": 0.1444,
        "retrievedCount": 8,
        "avgScore": 0.40882499999999994,
        "ideaCount": 7,
        "durationMs": 55537
      }
    },
    {
      "queryId": "Q2",
      "query": "产品支持哪些 embedding 和检索方式？",
      "status": "success",
      "metrics": {
        "hitRate": 0.3333333333333333,
        "citationCoverage": 1,
        "confidenceScore": 0.3105333333333334,
        "retrievedCount": 8,
        "avgScore": 0.5184,
        "ideaCount": 5,
        "durationMs": 48900
      }
    },
    {
      "queryId": "Q3",
      "query": "如何用这个工具生成营销内容 idea？",
      "status": "success",
      "metrics": {
        "hitRate": 1,
        "citationCoverage": 0.6666666666666666,
        "confidenceScore": 0.8584499999999999,
        "retrievedCount": 8,
        "avgScore": 0.49026250000000005,
        "ideaCount": 5,
        "durationMs": 45736
      }
    }
  ],
  "metrics": {
    "hitRate": 0.5555555555555555,
    "citationCoverage": 0.8888888888888888,
    "confidenceScore": 0.43779444444444443,
    "retrievedCount": 8,
    "avgScore": 0.47249583333333334,
    "ideaCount": 5.666666666666667,
    "totalDurationMs": 150173
  }
}